老沥酒捞叼,老沥郴侩,辆丰朝楼,备盒,矫累朝楼,老沥力格,蜡历酒捞叼
1,老沥郴侩1,2021-02-14,0,2021-02-05,老沥力格1,tester2
2,老沥郴侩2,2021-02-15,0,2021-02-06,老沥力格2,tester12
3,老沥郴侩3,2021-02-16,0,2021-02-07,老沥力格3,tester11
4,老沥郴侩4,2021-02-17,0,2021-02-08,老沥力格4,tester5
5,老沥郴侩5,2021-02-18,0,2021-02-09,老沥力格5,tester0
6,老沥郴侩6,2021-02-19,0,2021-02-10,老沥力格6,tester2
7,老沥郴侩7,2021-02-20,0,2021-02-11,老沥力格7,tester14
8,老沥郴侩8,2021-02-21,0,2021-02-12,老沥力格8,tester8
9,老沥郴侩9,2021-02-22,0,2021-02-13,老沥力格9,tester10
10,老沥郴侩10,2021-02-23,0,2021-02-14,老沥力格10,tester16
11,老沥郴侩11,2021-02-24,0,2021-02-15,老沥力格11,tester5
12,老沥郴侩12,2021-02-25,0,2021-02-16,老沥力格12,tester3
13,老沥郴侩13,2021-02-26,0,2021-02-17,老沥力格13,tester1
14,老沥郴侩14,2021-02-27,0,2021-02-18,老沥力格14,tester12
15,老沥郴侩15,2021-02-28,0,2021-02-19,老沥力格15,tester13
16,老沥郴侩16,2021-03-01,0,2021-02-20,老沥力格16,tester1
17,老沥郴侩17,2021-03-02,0,2021-02-21,老沥力格17,tester7
18,老沥郴侩18,2021-03-03,0,2021-02-22,老沥力格18,tester1
19,老沥郴侩19,2021-03-04,0,2021-02-23,老沥力格19,tester4
20,老沥郴侩20,2021-02-27,0,2021-02-24,老沥力格20,tester3
21,老沥郴侩21,2021-02-28,0,2021-02-25,老沥力格21,tester17
22,老沥郴侩22,2021-03-01,0,2021-02-26,老沥力格22,tester5
23,老沥郴侩23,2021-03-02,0,2021-02-27,老沥力格23,tester4
24,老沥郴侩24,2021-03-03,0,2021-02-28,老沥力格24,tester14
25,老沥郴侩25,2021-03-04,0,2021-03-01,老沥力格25,tester2
26,老沥郴侩26,2021-03-05,0,2021-03-02,老沥力格26,tester1
27,老沥郴侩27,2021-03-06,0,2021-03-03,老沥力格27,tester19
28,老沥郴侩28,2021-03-07,0,2021-03-04,老沥力格28,tester11
29,老沥郴侩29,2021-03-08,0,2021-03-05,老沥力格29,tester18
30,老沥郴侩30,2021-03-09,0,2021-03-06,老沥力格30,tester1
31,老沥郴侩31,2021-03-10,0,2021-03-07,老沥力格31,tester14
32,老沥郴侩32,2021-03-11,0,2021-03-08,老沥力格32,tester12
33,老沥郴侩33,2021-03-01,0,2021-03-09,老沥力格33,tester15
34,老沥郴侩34,2021-03-02,0,2021-03-10,老沥力格34,tester12
35,老沥郴侩35,2021-03-03,0,2021-03-11,老沥力格35,tester11
36,老沥郴侩36,2021-03-04,0,2021-03-12,老沥力格36,tester12
37,老沥郴侩37,2021-03-05,0,2021-03-13,老沥力格37,tester5
38,老沥郴侩38,2021-03-06,0,2021-03-14,老沥力格38,tester11
39,老沥郴侩39,2021-03-07,0,2021-03-15,老沥力格39,tester4
40,老沥郴侩40,2021-03-09,0,2021-03-16,老沥力格40,tester18
41,老沥郴侩41,2021-03-10,0,2021-03-17,老沥力格41,tester19
42,老沥郴侩42,2021-03-11,0,2021-03-18,老沥力格42,tester12
43,老沥郴侩43,2021-03-12,0,2021-03-19,老沥力格43,tester10
44,老沥郴侩44,2021-03-13,0,2021-03-20,老沥力格44,tester8
45,老沥郴侩45,2021-03-14,0,2021-03-21,老沥力格45,tester2
46,老沥郴侩46,2021-03-15,0,2021-03-22,老沥力格46,tester9
47,老沥郴侩47,2021-03-16,0,2021-03-23,老沥力格47,tester8
48,老沥郴侩48,2021-03-17,0,2021-03-24,老沥力格48,tester16
49,老沥郴侩49,2021-03-18,0,2021-03-25,老沥力格49,tester2
50,老沥郴侩50,2021-03-19,0,2021-03-26,老沥力格50,tester11
